UNISON SQUARE GARDEN「Numbness like a ginger」MV,https://www.youtube.com/watch?v=jYqZVpM1EJU

Dilly Dally - Ballin Chain (Live on KEXP),https://www.youtube.com/watch?v=3VZ2IDLy7h8Naruto Shippuden Opening 8 | Diver (HD),https://www.youtube.com/watch?v=L2ncHzfts_0
Ferdous - Sad Nebula (Official Visualizer),https://www.youtube.com/watch?v=jYqZVpM1EJU
Ferdous - Cool Party (Official Visualizer),https://www.youtube.com/watch?v=jYqZVpM1EJU
Ferdous - Starlight (Official Lyric Visualizer),https://www.youtube.com/watch?v=8gHVmXs9ouk
Hell's Paradise | Jigokuraku (Ending Song Full) - Kamihitoe by Uru [1 Hour Version],https://www.youtube.com/watch?v=MhrtrLTx-54
Ashiato -Footprints-,https://www.youtube.com/watch?v=jYqZVpM1EJU
Shout Baby,https://www.youtube.com/watch?v=9QYp8EeFjCo
"Akeboshi - ""Wind"" (Studio Session)",https://www.youtube.com/watch?v=SaaRwKlcNaA
Huwie Ishizaki - Pino To Ameri,https://www.youtube.com/watch?v=8zZk22Hc51g
Aziya - Atomic (Lyrics),https://www.youtube.com/watch?v=_1nz_waCm7Y
Momma - Medicine (Music Video),https://www.youtube.com/watch?v=rAuSXTyY1lc
Colour of Joy,https://www.youtube.com/watch?v=n5yD2Evn_is
White Reaper - Pages [OFFICIAL MUSIC VIDEO],https://www.youtube.com/watch?v=xBamd4RPvPE
Gorillaz - Oil ft. Stevie Nicks (Official Audio),https://www.youtube.com/watch?v=lK5HVlcs0og
Ryan Librada - perfect place,https://www.youtube.com/watch?v=jYqZVpM1EJU
Ryan Librada - RENO (audio),https://www.youtube.com/watch?v=pd5CZ59C1-8
"REL & Artemis Delta - ""Night City"" Music Video (Cyberpunk 2077 Soundtrack)",https://www.youtube.com/watch?v=Vcl2Rje_6w0
SEVDALIZA - HIGH ALONE,https://www.youtube.com/watch?v=qSmGNqkzC5M
Kamihitoe,https://www.youtube.com/watch?v=iaW48kKjQx0
Dilly Dally - Sober Motel,https://www.youtube.com/watch?v=IhhpsIKg378
925,https://www.youtube.com/watch?v=VllUl3BUJU8
Drake - Search & Rescue,https://www.youtube.com/watch?v=gVfn522ayQQ
SZA - Low (Lyrics),https://www.youtube.com/watch?v=MwAN4AvuUVk
SZA - Good Days (Official Video),https://www.youtube.com/watch?v=2p3zZoraK9g
Ferdous - Sad Nebula (Official Visualizer),https://www.youtube.com/watch?v=2_y0AzxAXlw
Gorillaz - Oil ft. Stevie Nicks (Official Audio),https://www.youtube.com/watch?v=lK5HVlcs0og
